gene	transcript	HGVSp_Short	HGVSp_long	svig_uk_assessment
ALK	NM_004304.5	p.F1174L	p.Phe1174Leu	Oncogenic
ALK	NM_004304.5	p.R1275Q	p.Arg1275Gln	Oncogenic
BRAF	NM_004333.6	p.G469A	p.Gly469Ala	Oncogenic
BRAF	NM_004333.6	p.D594G	p.Asp594Gly	Oncogenic
BRAF	NM_004333.6	p.V600M	p.Val600Met	Oncogenic
BRAF	NM_004333.6	p.V600K	p.Val600Lys	Oncogenic
BRAF	NM_004333.6	p.V600R	p.Val600Arg	Oncogenic
BRAF	NM_004333.6	p.V600E	p.Val600Glu	Oncogenic
BRAF	NM_004333.6	p.K601E	p.Lys601Glu	Oncogenic
CALR	NM_004343.4	p.L367T	p.Leu367ThrfsTer46	Likely Oncogenic
CALR	NM_004343.4	p.K385N	p.Lys385AsnfsTer47	Likely Oncogenic
CD79B	NM_000626.4	p.Y196N	p.Tyr196Asn	Likely Oncogenic
CD79B	NM_000626.4	p.Y196H	p.Tyr196His	Likely Oncogenic
CD79B	NM_000626.4	p.Y196D	p.Tyr196Asp	Likely Oncogenic
CD79B	NM_000626.4	p.Y196S	p.Tyr196Ser	Likely Oncogenic
CD79B	NM_000626.4	p.Y196C	p.Tyr196Cys	Likely Oncogenic
CD79B	NM_000626.4	p.Y196F	p.Tyr196Phe	Likely Oncogenic
CSF3R	NM_000760.4	p.T618I	p.Thr618Ile	Oncogenic
CXCR4	NM_003467.3	p.S338*	p.Ser338Ter	Likely Oncogenic
DDX41	NM_016222.4	p.R525H	p.Arg525His	Oncogenic
DNMT3A	NM_022552.5	p.R882C	p.Arg882Cys	Oncogenic
DNMT3A	NM_022552.5	p.R882H	p.Arg882His	Oncogenic
EGFR	NM_005228.5	p.G719S	p.Gly719Ser	Oncogenic
EGFR	NM_005228.5	p.G719C	p.Gly719Cys	Oncogenic
EGFR	NM_005228.5	p.G719A	p.Gly719Ala	Oncogenic
EGFR	NM_005228.5	p.S768I	p.Ser768Ile	Oncogenic
EGFR	NM_005228.5	p.T790M	p.Thr790Met	Oncogenic
EGFR	NM_005228.5	p.L858R	p.Leu858Arg	Oncogenic
EGFR	NM_005228.5	p.L861Q	p.Leu861Gln	Oncogenic
EZH2	NM_004456.5	p.Y646N	p.Tyr646Asn	Oncogenic
EZH2	NM_004456.5	p.Y646H	p.Tyr646His	Oncogenic
EZH2	NM_004456.5	p.Y646S	p.Tyr646Ser	Oncogenic
EZH2	NM_004456.5	p.Y646C	p.Tyr646Cys	Oncogenic
EZH2	NM_004456.5	p.Y646F	p.Tyr646Phe	Oncogenic
FLT3	NM_004119.3	p.D835H	p.Asp835His	Oncogenic
FLT3	NM_004119.3	p.D835Y	p.Asp835Tyr	Oncogenic
FLT3	NM_004119.3	p.D835V	p.Asp835Val	Oncogenic
FLT3	NM_004119.3	p.D835E	p.Asp835Glu	Oncogenic
FLT3	NM_004119.3	p.I836del	p.Ile836del	Oncogenic
GNAS	NM_000516.7	p.R201C	p.Arg201Cys	Oncogenic
GNAS	NM_000516.7	p.R201H	p.Arg201His	Oncogenic
H3-3A	NM_002107.7	p.K28M	p.Lys28Met	Oncogenic
H3-3A	NM_002107.7	p.G35R	p.Gly35Arg	Oncogenic
H3-3A	NM_002107.7	p.G35W	p.Gly35Trp	Oncogenic
H3-3B	NM_005324.5	p.K37M	p.Lys37Met	Oncogenic
HRAS	NM_005343.4	p.G12S	p.Gly12Ser	Oncogenic
HRAS	NM_005343.4	p.G12C	p.Gly12Cys	Oncogenic
HRAS	NM_005343.4	p.G12D	p.Gly12Asp	Oncogenic
HRAS	NM_005343.4	p.G12V	p.Gly12Val	Oncogenic
HRAS	NM_005343.4	p.G13S	p.Gly13Ser	Oncogenic
HRAS	NM_005343.4	p.G13R	p.Gly13Arg	Oncogenic
HRAS	NM_005343.4	p.G13C	p.Gly13Cys	Oncogenic
HRAS	NM_005343.4	p.G13D	p.Gly13Asp	Oncogenic
HRAS	NM_005343.4	p.G13V	p.Gly13Val	Oncogenic
HRAS	NM_005343.4	p.Q61K	p.Gln61Lys	Oncogenic
HRAS	NM_005343.4	p.Q61R	p.Gln61Arg	Oncogenic
HRAS	NM_005343.4	p.Q61L	p.Gln61Leu	Oncogenic
HRAS	NM_005343.4	p.Q61H	p.Gln61His	Oncogenic
IDH1	NM_005896.4	p.R132S	p.Arg132Ser	Oncogenic
IDH1	NM_005896.4	p.R132G	p.Arg132Gly	Oncogenic
IDH1	NM_005896.4	p.R132C	p.Arg132Cys	Oncogenic
IDH1	NM_005896.4	p.R132H	p.Arg132His	Oncogenic
IDH1	NM_005896.4	p.R132L	p.Arg132Leu	Oncogenic
IDH2	NM_002168.4	p.R140W	p.Arg140Trp	Oncogenic
IDH2	NM_002168.4	p.R140Q	p.Arg140Gln	Oncogenic
IDH2	NM_002168.4	p.R140L	p.Arg140Leu	Oncogenic
IDH2	NM_002168.4	p.R172K	p.Arg172Lys	Oncogenic
IDH2	NM_002168.4	p.R172M	p.Arg172Met	Oncogenic
IDH2	NM_002168.4	p.R172S	p.Arg172Ser	Oncogenic
JAK2	NM_004972.4	p.V617F	p.Val617Phe	Oncogenic
KIT	NM_000222.3	p.L576P	p.Leu576Pro	Oncogenic
KIT	NM_000222.3	p.D816H	p.Asp816His	Oncogenic
KIT	NM_000222.3	p.D816Y	p.Asp816Tyr	Oncogenic
KIT	NM_000222.3	p.D816V	p.Asp816Val	Oncogenic
KIT	NM_000222.3	p.N822K	p.Asn822Lys	Likely Oncogenic
KRAS	NM_004985.5	p.G12S	p.Gly12Ser	Oncogenic
KRAS	NM_004985.5	p.G12R	p.Gly12Arg	Oncogenic
KRAS	NM_004985.5	p.G12C	p.Gly12Cys	Oncogenic
KRAS	NM_004985.5	p.G12F	p.Gly12Phe	Oncogenic
KRAS	NM_004985.5	p.G12D	p.Gly12Asp	Oncogenic
KRAS	NM_004985.5	p.G12A	p.Gly12Ala	Oncogenic
KRAS	NM_004985.5	p.G12V	p.Gly12Val	Oncogenic
KRAS	NM_004985.5	p.G13S	p.Gly13Ser	Oncogenic
KRAS	NM_004985.5	p.G13R	p.Gly13Arg	Oncogenic
KRAS	NM_004985.5	p.G13C	p.Gly13Cys	Oncogenic
KRAS	NM_004985.5	p.G13D	p.Gly13Asp	Oncogenic
KRAS	NM_004985.5	p.G13V	p.Gly13Val	Oncogenic
KRAS	NM_004985.5	p.Q61K	p.Gln61Lys	Oncogenic
KRAS	NM_004985.5	p.Q61L	p.Gln61Leu	Oncogenic
KRAS	NM_004985.5	p.Q61R	p.Gln61Arg	Oncogenic
KRAS	NM_004985.5	p.Q61H	p.Gln61His	Oncogenic
KRAS	NM_004985.5	p.A146T	p.Ala146Thr	Oncogenic
MPL	NM_005373.3	p.S505N	p.Ser505Asn	Oncogenic
MPL	NM_005373.3	p.W515K	p.Trp515Lys	Oncogenic
MPL	NM_005373.3	p.W515L	p.Trp515Leu	Oncogenic
MYD88	NM_002468.5	p.L252P	p.Leu252Pro	Oncogenic
NPM1	NM_002520.7	p.W288C	p.Trp288CysfsTer12	Oncogenic
NRAS	NM_002524.5	p.G12S	p.Gly12Ser	Oncogenic
NRAS	NM_002524.5	p.G12R	p.Gly12Arg	Oncogenic
NRAS	NM_002524.5	p.G12C	p.Gly12Cys	Oncogenic
NRAS	NM_002524.5	p.G12D	p.Gly12Asp	Oncogenic
NRAS	NM_002524.5	p.G12A	p.Gly12Ala	Oncogenic
NRAS	NM_002524.5	p.G12V	p.Gly12Val	Oncogenic
NRAS	NM_002524.5	p.G13S	p.Gly13Ser	Oncogenic
NRAS	NM_002524.5	p.G13R	p.Gly13Arg	Oncogenic
NRAS	NM_002524.5	p.G13C	p.Gly13Cys	Oncogenic
NRAS	NM_002524.5	p.G13D	p.Gly13Asp	Oncogenic
NRAS	NM_002524.5	p.G13V	p.Gly13Val	Oncogenic
NRAS	NM_002524.5	p.Q61K	p.Gln61Lys	Oncogenic
NRAS	NM_002524.5	p.Q61R	p.Gln61Arg	Oncogenic
NRAS	NM_002524.5	p.Q61L	p.Gln61Leu	Oncogenic
NRAS	NM_002524.5	p.Q61H	p.Gln61His	Oncogenic
NRAS	NM_002524.5	p.A146T	p.Ala146Thr	Oncogenic
PAX5	NM_016734.3	p.P80R	p.Pro80Arg	Oncogenic
PIK3CA	NM_006218.4	p.N345K	p.Asn345Lys	Oncogenic
PIK3CA	NM_006218.4	p.E542K	p.Glu542Lys	Oncogenic
PIK3CA	NM_006218.4	p.E545K	p.Glu545Lys	Oncogenic
PIK3CA	NM_006218.4	p.H1047L	p.His1047Leu	Oncogenic
PIK3CA	NM_006218.4	p.H1047R	p.His1047Arg	Oncogenic
PDGFRA	NM_006206.6	p.D842V	p.Asp842Val	Likely Oncogenic
POLE	NM_006231.4	p.P286R	p.Pro286Arg	Oncogenic
POLE	NM_006231.4	p.V411L	p.Val411Leu	Oncogenic
RET	NM_020975.6	p.M918T	p.Met918Thr	Likely Oncogenic
RHOA	NM_001664.4	p.G17V	p.Gly17Val	Oncogenic
RUNX1	NM_001754.5	p.R201*	p.Arg201Ter	Oncogenic
RUNX1	NM_001754.5	p.R201Q	p.Arg201Gln	Oncogenic
SETBP1	NM_015559.3	p.D868N	p.Asp868Asn	Oncogenic
SETBP1	NM_015559.3	p.G870S	p.Gly870Ser	Oncogenic
SF3B1	NM_012433.4	p.E622D	p.Glu622Asp	Oncogenic
SF3B1	NM_012433.4	p.R625C	p.Arg625Cys	Oncogenic
SF3B1	NM_012433.4	p.R625H	p.Arg625His	Oncogenic
SF3B1	NM_012433.4	p.H662Q	p.His662Gln	Oncogenic
SF3B1	NM_012433.4	p.K666T	p.Lys666Thr	Oncogenic
SF3B1	NM_012433.4	p.K666R	p.Lys666Arg	Oncogenic
SF3B1	NM_012433.4	p.K666N	p.Lys666Asn	Oncogenic
SF3B1	NM_012433.4	p.K700E	p.Lys700Glu	Oncogenic
SF3B1	NM_012433.4	p.G742D	p.Gly742Asp	Oncogenic
SRSF2	NM_001195427.2	p.P95H	p.Pro95His	Oncogenic
SRSF2	NM_001195427.2	p.P95R	p.Pro95Arg	Oncogenic
SRSF2	NM_001195427.2	p.P95L	p.Pro95Leu	Oncogenic
STAT3	NM_139276.3	p.Y640F	p.Tyr640Phe	Oncogenic
STAT3	NM_139276.3	p.D661Y	p.Asp661Tyr	Oncogenic
STAT3	NM_139276.3	p.D661V	p.Asp661Val	Oncogenic
TERT	NM_198253.3	c.-124C>T	c.-124C>T	Oncogenic
TERT	NM_198253.3	c.-146C>T	c.-146C>T	Oncogenic
TP53	NM_000546.6	p.R175H	p.Arg175His	Oncogenic
TP53	NM_000546.6	p.Y220C	p.Tyr220Cys	Oncogenic
TP53	NM_000546.6	p.G245S	p.Gly245Ser	Oncogenic
TP53	NM_000546.6	p.R248W	p.Arg248Trp	Oncogenic
TP53	NM_000546.6	p.R248Q	p.Arg248Gln	Oncogenic
TP53	NM_000546.6	p.R273C	p.Arg273Cys	Oncogenic
TP53	NM_000546.6	p.R273H	p.Arg273His	Oncogenic
TP53	NM_000546.6	p.R282W	p.Arg282Trp	Oncogenic
U2AF1	NM_006758.3	p.S34Y	p.Ser34Tyr	Oncogenic
U2AF1	NM_006758.3	p.S34F	p.Ser34Phe	Oncogenic
U2AF1	NM_006758.3	p.Q157P	p.Gln157Pro	Oncogenic
U2AF1	NM_006758.3	p.Q157R	p.Gln157Arg	Oncogenic
XPO1	NM_003400.4	p.E571K	p.Glu571Lys	Oncogenic
